observation_id,x,y,visibility,body_status,component,component_index,bead_index,local_index_alternatives,appearance_group,color_status,median_rgb,hue_deg,hue_strength,S,V,reason
A,1335,251,partial body,proposed,unresolved,,,,P1,appearance_only,"0.6941,0.2902,0.0118",23.230095006142474,0.9998079243984396,0.9833333333333334,0.6941176470588235,"Yellow/orange interior of upper cap, away from bright left patch."
B,1360,256,substantial body,proposed,unresolved,,,,P2,appearance_only,"0.7216,0.2039,0.2353",356.3465679090492,0.9996268758143688,0.715846994535519,0.7215686274509804,Red surface right of reflection and inside dark lower edge.
C,1348,280,substantial body,proposed,conditional_triangle,,,H1:0;H2:0,P3,appearance_only,"0.7020,0.1490,0.1804",356.36188752821556,0.9998163822267627,0.7873563218390804,0.7019607843137254,"Red right-side interior, avoiding left reflection and outer seam."
D,1377,247,uncertain cap,unresolved separation from B,unresolved,,,,P4,appearance_only,"0.4902,0.0510,0.1451",346.2615047534549,0.999948917256235,0.8909090909090909,0.49019607843137253,Dark reddish upper cap; could be separate body or connected shaded part. Kept in coverage.
E,1382,280,substantial dark body,proposed,conditional_triangle,,,H1:6;H2:7,P5,appearance_only,"0.1412,0.0157,0.0549",341.5370541893716,0.9945454857074183,0.8823529411764706,0.1411764705882353,"Dark surface below/right of reflection near 1376,270; disk may be shading-sensitive."
F,1404,262,substantial dark body,proposed,unresolved,,,,P5,appearance_only,"0.0902,0.0078,0.0510",327.530471779798,0.998408958002845,0.9166666666666666,0.09019607843137255,"Dark surface below reflection near 1398,250, away from bright spot."
G,1373,303,substantial body,proposed,conditional_triangle,,,H1:7;H2:6,P3,appearance_only,"0.7608,0.1137,0.1725",354.344551334169,0.9997002094600288,0.8512820512820513,0.7607843137254902,"Red right-side interior, away from reflection near 1363,298."
H,1408,294,substantial dark body,proposed,unresolved,,,,P5,appearance_only,"0.1608,0.0275,0.0824",335.9676020612464,0.9990833957336505,0.8545454545454546,0.1607843137254902,"Dark surface below/right of reflection near 1402,285; possible mixed-edge sensitivity."
I,1399,318,substantial body,proposed,unresolved,,,,P3,appearance_only,"0.6980,0.1255,0.2118",351.35944754276335,0.9991112056994481,0.8258426966292135,0.6980392156862745,"Red right-side interior away from reflection near 1390,309."
J,1348,316,substantial dark body,proposed,unresolved,,,,P5,appearance_only,"0.1725,0.0157,0.0471",349.47748469246835,0.9992878282067781,0.9024390243902439,0.17254901960784313,"Dark right/lower surface beyond reflection near 1342,309."
K,1332,332,partial body,proposed,unresolved,,,,P1,appearance_only,"0.7882,0.3882,0.0941",26.50255819095922,0.9995109593383298,0.8817733990147784,0.788235294117647,"Yellow/orange lower cap right of bright patch, inside visible surface."
L,1349,335,uncertain fragment,unresolved fragment or body,unresolved,,,,P2,appearance_only,"0.7098,0.2863,0.2078",9.668531137234586,0.9988585785360097,0.7103825136612021,0.7098039215686275,Low-contrast orange edge fragment adjacent to K. Do not assign a new bead or discard before review.
